ID,Title,DueDate,Completed
1,title1,2022-09-25T15:29:33.753Z,true
2,title2,2022-09-25T15:29:33.753Z,true
3,title3,2022-09-25T15:29:33.753Z,true
4,title4,2022-09-25T15:29:33.753Z,true
5,title5,2022-09-25T15:29:33.753Z,true
6,title6,2022-09-25T15:29:33.753Z,true
7,title7,2022-09-25T15:29:33.753Z,true
8,title8,2022-09-25T15:29:33.753Z,true
9,title9,2022-09-25T15:29:33.753Z,true
10,title10,2022-09-25T15:29:33.753Z,true
11,title11,2022-09-25T15:29:33.753Z,true
12,title12,2022-09-25T15:29:33.753Z,true
13,title13,2022-09-25T15:29:33.753Z,true
14,title14,2022-09-25T15:29:33.753Z,true
15,title15,2022-09-25T15:29:33.753Z,true
16,title16,2022-09-25T15:29:33.753Z,true
17,title17,2022-09-25T15:29:33.753Z,true
18,title18,2022-09-25T15:29:33.753Z,true
19,title19,2022-09-25T15:29:33.753Z,true
20,title20,2022-09-25T15:29:33.753Z,true
21,title21,2022-09-25T15:29:33.753Z,true
22,title22,2022-09-25T15:29:33.753Z,true
23,title23,2022-09-25T15:29:33.753Z,true
24,title24,2022-09-25T15:29:33.753Z,true
25,title25,2022-09-25T15:29:33.753Z,true
26,title26,2022-09-25T15:29:33.753Z,true
27,title27,2022-09-25T15:29:33.753Z,true
28,title28,2022-09-25T15:29:33.753Z,true
29,title29,2022-09-25T15:29:33.753Z,true
30,title30,2022-09-25T15:29:33.753Z,true